codigo,descricao
A00,Cólera
A01,Febre tifoide e paratifoide
A02,Salmonelose
A03,Shiguelose
A04,Infecções por Escherichia coli
A05,Intoxicação alimentar bacteriana
A06,Amebíase
A07,Infecções intestinais por protozoários
A08,Infecções intestinais virais
A09,Diarréia e gastroenterite de origem infecciosa
A15,Tuberculose respiratória
A16,Tuberculose das vias respiratórias
A17,Tuberculose do sistema nervoso
A18,Tuberculose de outros órgãos
A19,Tuberculose miliar
A20,Peste
A21,Tularemia
A22,Carbúnculo
A23,Brucelose
A24,Mormo
A25,Febre por mordedura de rato
A26,Erisipelóide
A27,Leptospirose
A28,Outras zoonoses bacterianas
A30,Hanseníase
A31,Infecções por micobactérias atípicas
A32,Listeriose
A33,Tétano neonatal
A34,Tétano obstétrico
A35,Tétano
A36,Difteria
A37,Coqueluche
A38,Scarlatina
A39,Infecção meningocócica
A40,Septicemia estreptocócica
A41,Septicemia por outros agentes
A42,Nocardiose
A43,Actinomicose
A44,Bartonelose
A45,Infecção por microrganismo
A46,Erisipela
A48,Outras doenças bacterianas
A49,Infecção bacteriana de localização não especificada
A50,Sífilis congênita
A51,Sífilis precoce
A52,Sífilis tardia
A53,Sífilis não especificada
A54,Infecção gonocócica
A55,Linfogranuloma venéreo
A56,Outras infecções sexualmente transmissíveis
A57,Clamídia
A58,Granuloma inguinal
A59,Tricomoníase
A60,Herpes genital
A63,Outras doenças venéreas
A64,Doença venérea não especificada
A65,Febre recorrente
A66,Bouba
A67,Pinta
A68,Febre por carrapato
A69,Outras espiroquetoses
A70,Infecção por Chlamydia psittaci
A71,Tracoma
A72,Febre tifoide
A74,Infecção por Chlamydia
A75,Tifo
A77,Febre maculosa
A78,Febre Q
A79,Riquetsioses
A80,Polio
A81,Infecções virais do sistema nervoso
A82,Rabia
A83,Encefalite viral
A84,Encefalite por carrapato
A85,Outras encefalites
A86,Encefalite viral não especificada
A87,Meningite viral
A88,Outras infecções virais do SNC
A89,Infecção viral do SNC não especificada
A90,Dengue
A91,Dengue hemorrágica
A92,Outras febres virais
A93,Outras febres virais
A94,Febre amarela
A95,Febre hemorrágica viral
A96,Febre hemorrágica viral
A97,Febre hemorrágica viral
A98,Outras febres hemorrágicas
A99,Febre viral não especificada
B00,Herpes simplex
B01,Varicela
B02,Herpes zoster
B03,Varíola
B04,Monkeypox
B05,Sarampo
B06,Rubéola
B07,Verruga viral
B08,Outras infecções virais
B09,Infecção viral não especificada
B15,Hepatite A
B16,Hepatite B
B17,Hepatite C
B18,Hepatite D
B19,Hepatite viral
B20,Infecção pelo HIV
B21,HIV com neoplasias
B22,HIV com outras doenças
B23,HIV com outras condições
B24,HIV não especificado
B25,Doença por citomegalovírus
B26,Caxumba
B27,Mononucleose
B30,Conjuntivite viral
B33,Infecção por vírus
B34,Infecção viral não especificada
B35,Dermatofitose
B36,Outras micoses
B37,Candidíase
B38,Coccidioidomicose
B39,Histoplasmose
B40,Blastomicose
B41,Paracoccidioidomicose
B42,Sporotrichose
B43,Cromomicose
B44,Aspergilose
B45,Criptococose
B46,Zigomicose
B47,Actinomicose
B48,Outras micoses
B49,Micose não especificada
B50,Malária por Plasmodium falciparum
B51,Malária por Plasmodium vivax
B52,Malária por Plasmodium malariae
B53,Malária
B54,Malária não especificada
B55,Leishmaniose
B56,Doença de Chagas
B57,Tripanossomíase
B58,Toxoplasmose
B59,Pneumocistose
B60,Outras protozooses
B64,Protozoose não especificada
B65,Esquistossomose
B66,Outras trematodoses
B67,Equinococose
B68,Teníase
B69,Cisticercose
B70,Difilobotríase
B71,Outras cestodoses
B72,Dracunculose
B73,Oncocercose
B74,Filariose
B75,Tricinose
B76,Ancilostomíase
B77,Ascariase
B78,Estrongiloidíase
B79,Tricuríase
B80,Oxiuríase
B81,Outras helmintíases
B82,Helmintíase não especificada
B83,Outras helmintíases
B85,Pediculose
B86,Escabiose
B87,Infecção por dípteros
B88,Infecção por artrópodes
B89,Infestação não especificada
B90,Sequelas de tuberculose
B91,Sequelas de polio
B92,Sequelas de hanseníase
B94,Sequelas de outras doenças infecciosas
B95,Estreptococos
B96,Outros agentes bacterianos
B97,Agentes virais
B99,Doença infecciosa não especificada
C00,Neoplasia maligna do lábio
C01,Neoplasia maligna da língua
C02,Neoplasia maligna da boca
C03,Neoplasia maligna da gengiva
C04,Neoplasia maligna do palato
C05,Neoplasia maligna do palato mole
C06,Neoplasia maligna da amígdala
C07,Neoplasia maligna da glândula salivar
C08,Neoplasia maligna da faringe
C09,Neoplasia maligna da faringe
C10,Neoplasia maligna da faringe
C11,Neoplasia maligna da nasofaringe
C12,Neoplasia maligna da faringe
C13,Neoplasia maligna da faringe
C14,Neoplasia maligna da faringe
C15,Neoplasia maligna do esôfago
C16,Neoplasia maligna do estômago
C17,Neoplasia maligna do intestino delgado
C18,Neoplasia maligna do cólon
C19,Neoplasia maligna do reto
C20,Neoplasia maligna do ânus
C21,Neoplasia maligna do ânus
C22,Neoplasia maligna do fígado
C23,Neoplasia maligna da vesícula biliar
C24,Neoplasia maligna das vias biliares
C25,Neoplasia maligna do pâncreas
C26,Neoplasia maligna do aparelho digestivo
C30,Neoplasia maligna da cavidade nasal
C31,Neoplasia maligna dos seios da face
C32,Neoplasia maligna da laringe
C33,Neoplasia maligna da traquéia
C34,Neoplasia maligna dos brônquios
C37,Neoplasia maligna do timo
C38,Neoplasia maligna do mediastino
C39,Neoplasia maligna do aparelho respiratório
C40,Neoplasia maligna dos ossos
C41,Neoplasia maligna dos ossos
C43,Melanoma maligno
C44,Outras neoplasias malignas da pele
C45,Mesotelioma
C46,Sarcoma de Kaposi
C47,Neoplasia maligna do tecido nervoso
C48,Neoplasia maligna do retroperitônio
C49,Neoplasia maligna do tecido conjuntivo
C50,Neoplasia maligna da mama
C51,Neoplasia maligna da vagina
C52,Neoplasia maligna da vulva
C53,Neoplasia maligna do colo do útero
C54,Neoplasia maligna do corpo do útero
C55,Neoplasia maligna do útero
C56,Neoplasia maligna do ovário
C57,Neoplasia maligna do aparelho genital feminino
C58,Neoplasia maligna da placenta
C60,Neoplasia maligna do pênis
C61,Neoplasia maligna da próstata
C62,Neoplasia maligna do testículo
C63,Neoplasia maligna do aparelho genital masculino
C64,Neoplasia maligna do rim
C65,Neoplasia maligna da pelve renal
C66,Neoplasia maligna do ureter
C67,Neoplasia maligna da bexiga
C68,Neoplasia maligna do trato urinário
C69,Neoplasia maligna do olho
C70,Neoplasia maligna das meninges
C71,Neoplasia maligna do encéfalo
C72,Neoplasia maligna da medula espinhal
C73,Neoplasia maligna da tireoide
C74,Neoplasia maligna da suprarrenal
C75,Neoplasia maligna de outras glândulas
C76,Neoplasia maligna de localização mal definida
C77,Neoplasia maligna de linfonodos
C78,Neoplasia maligna de órgãos respiratórios
C79,Neoplasia maligna de outros órgãos
C80,Neoplasia maligna sem especificação
C81,Doença de Hodgkin
C82,Linfoma não Hodgkin
C83,Linfoma não Hodgkin
C84,Linfoma de células T
C85,Linfoma não Hodgkin
C86,Linfoma de células NK
C88,Doenças imunoproliferativas
C90,Mieloma múltiplo
C91,Leucemia linfóide
C92,Leucemia mielóide
C93,Leucemia monocítica
C94,Leucemia de células
C95,Leucemia não especificada
C96,Outras neoplasias malignas
C97,Neoplasias malignas de múltiplos sítios
D00,Carcinoma in situ
D01,Carcinoma in situ
D02,Carcinoma in situ
D03,Melanoma in situ
D04,Carcinoma in situ da pele
D05,Carcinoma in situ da mama
D06,Carcinoma in situ do colo do útero
D07,Carcinoma in situ de outros órgãos
D09,Carcinoma in situ de outros locais
D10,Neoplasia benigna da boca
D11,Neoplasia benigna da faringe
D12,Neoplasia benigna do cólon
D13,Neoplasia benigna do aparelho digestivo
D14,Neoplasia benigna do aparelho respiratório
D15,Neoplasia benigna do tórax
D16,Neoplasia benigna dos ossos
D17,Neoplasia benigna do tecido adiposo
D18,Hemangioma
D19,Neoplasia benigna do tecido conjuntivo
D20,Neoplasia benigna do retroperitônio
D21,Neoplasia benigna do tecido conjuntivo
D22,Neoplasia benigna da pele
D23,Neoplasia benigna da pele
D24,Neoplasia benigna da mama
D25,Leiomioma do útero
D26,Neoplasia benigna do útero
D27,Neoplasia benigna do ovário
D28,Neoplasia benigna do aparelho genital
D29,Neoplasia benigna do aparelho genital masculino
D30,Neoplasia benigna do trato urinário
D31,Neoplasia benigna do olho
D32,Neoplasia benigna das meninges
D33,Neoplasia benigna do encéfalo
D34,Neoplasia benigna da tireoide
D35,Neoplasia benigna das glândulas
D36,Neoplasia benigna de outros locais
D37,Neoplasia de comportamento incerto
D38,Neoplasia de comportamento incerto
D39,Neoplasia de comportamento incerto
D40,Neoplasia de comportamento incerto
D41,Neoplasia de comportamento incerto
D42,Neoplasia de comportamento incerto
D43,Neoplasia de comportamento incerto
D44,Neoplasia de comportamento incerto
D45,Policitemia vera
D46,Síndrome mielodisplásica
D47,Neoplasia de comportamento incerto
D48,Neoplasia de comportamento incerto
D50,Anemia ferropriva
D51,Anemia megaloblástica
D52,Anemia por deficiência de folato
D53,Outras anemias nutricionais
D55,Anemia hemolítica hereditária
D56,Talassemia
D57,Anemia falciforme
D58,Outras anemias hemolíticas hereditárias
D59,Anemia hemolítica adquirida
D60,Aplasia adquirida da medula óssea
D61,Outras anemias aplásicas
D62,Anemia aguda pós-hemorrágica
D63,Anemia em doenças crônicas
D64,Outras anemias
D65,Coagulação intravascular disseminada
D66,Deficiência de fator VIII
D67,Deficiência de fator IX
D68,Outros defeitos da coagulação
D69,Púrpura e outras hemorragias
D70,Neutropenia
D71,Distúrbios da função neutrofílica
D72,Outros distúrbios das células sanguíneas
D73,Doenças do baço
D74,Metabolismo do ferro
D75,Outras doenças do sangue
D76,Doenças do sistema reticuloendotelial
D77,Doenças do sangue em outras doenças
D80,Deficiência de anticorpos
D81,Deficiência de imunidade combinada
D82,Deficiência de imunidade associada
D83,Deficiência de imunidade comum
D84,Outras deficiências de imunidade
D86,Sarcoidose
D89,Outros distúrbios do sistema imune
E00,Síndrome de deficiência de iodo
E01,Doenças da tireoide relacionadas ao iodo
E02,Hipotireoidismo subclínico
E03,Outros hipotireoidismos
E04,Bócio não tóxico
E05,Tireotoxicose
E06,Tireoidite
E07,Outras doenças da tireoide
E10,Diabetes tipo 1
E11,Diabetes tipo 2
E12,Diabetes relacionado à desnutrição
E13,Outros diabetes
E14,Diabetes não especificado
E15,Coma hipoglicêmico
E16,Outros distúrbios da secreção pancreática
E20,Hipoparatireoidismo
E21,Hiperparatireoidismo
E22,Hiperfunção da hipófise
E23,Hipofunção da hipófise
E24,Síndrome de Cushing
E25,Distúrbios adrenogenitais
E26,Hiperaldosteronismo
E27,Outras doenças da suprarrenal
E28,Distúrbios ovarianos
E29,Distúrbios testiculares
E30,Distúrbios da puberdade
E31,Distúrbios de múltiplas glândulas
E32,Doenças do timo
E34,Outros distúrbios endócrinos
E35,Distúrbios endócrinos em outras doenças
E40,Deficiência de proteínas
E41,Deficiência de proteínas
E42,Deficiência de proteínas
E43,Desnutrição
E44,Desnutrição
E45,Retardo de desenvolvimento por desnutrição
E46,Desnutrição não especificada
E50,Deficiência de vitamina A
E51,Deficiência de tiamina
E52,Deficiência de niacina
E53,Deficiência de outras vitaminas
E54,Deficiência de vitamina C
E55,Deficiência de vitamina D
E56,Deficiência de vitamina E
E58,Deficiência de cálcio
E59,Deficiência de selênio
E60,Deficiência de zinco
E61,Deficiência de outros nutrientes
E63,Outras deficiências nutricionais
E64,Sequelas de desnutrição
E65,Obesidade localizada
E66,Obesidade
E67,Outras hiperalimentações
E68,Sequelas de hiperalimentação
E70,Distúrbios do metabolismo de aminoácidos
E71,Distúrbios do metabolismo de aminoácidos
E72,Distúrbios do metabolismo de aminoácidos
E73,Intolerância à lactose
E74,Distúrbios do metabolismo de carboidratos
E75,Distúrbios do metabolismo de lipídeos
E76,Distúrbios do metabolismo de glicosaminoglicanos
E77,Distúrbios do metabolismo de glicoproteínas
E78,Distúrbios do metabolismo de lipoproteínas
E79,Distúrbios do metabolismo de purinas
E80,Distúrbios do metabolismo de porfirinas
E83,Distúrbios do metabolismo de minerais
E84,Fibrose cística
E85,Amiloidose
E86,Depleção de volume
E87,Distúrbios do equilíbrio hidroeletrolítico
E88,Outros distúrbios metabólicos
E89,Distúrbios pós-procedimentos
F00,Demência na doença de Alzheimer
F01,Demência vascular
F02,Demência em outras doenças
F03,Demência não especificada
F04,Síndrome amnésica orgânica
F05,Delirium
F06,Outros transtornos mentais orgânicos
F07,Transtornos de personalidade orgânicos
F09,Transtorno mental orgânico não especificado
F10,Transtornos mentais devidos ao uso de álcool
F11,Transtornos mentais devidos ao uso de opioides
F12,Transtornos mentais devidos ao uso de canabinoides
F13,Transtornos mentais devidos ao uso de sedativos
F14,Transtornos mentais devidos ao uso de cocaína
F15,Transtornos mentais devidos ao uso de estimulantes
F16,Transtornos mentais devidos ao uso de alucinógenos
F17,Transtornos mentais devidos ao uso de tabaco
F18,Transtornos mentais devidos ao uso de solventes
F19,Transtornos mentais devidos ao uso de múltiplas drogas
F20,Esquizofrenia
F21,Transtorno esquizotípico
F22,Transtorno delirante
F23,Transtorno psicótico agudo
F24,Transtorno psicótico induzido
F25,Transtorno esquizoafetivo
F28,Outros transtornos psicóticos
F29,Transtorno psicótico não especificado
F30,Episódio maníaco
F31,Transtorno afetivo bipolar
F32,Episódio depressivo
F33,Transtorno depressivo recorrente
F34,Transtorno de humor persistente
F38,Outros transtornos de humor
F39,Transtorno de humor não especificado
F40,Transtornos fóbicos
F41,Outros transtornos ansiosos
F42,Transtorno obsessivo-compulsivo
F43,Reação ao estresse
F44,Transtornos dissociativos
F45,Transtornos somatoformes
F48,Outros transtornos neuróticos
F50,Transtornos alimentares
F51,Transtornos do sono
F52,Disfunção sexual
F53,Transtornos mentais pós-parto
F54,Transtornos psicológicos associados
F55,Abuso de substâncias
F59,Síndromes comportamentais
F60,Transtornos de personalidade
F61,Transtornos mistos de personalidade
F62,Transtornos de personalidade
F63,Transtornos de hábitos e impulsos
F64,Transtornos da identidade de gênero
F65,Transtornos da preferência sexual
F66,Transtornos do desenvolvimento sexual
F68,Outros transtornos da personalidade
F69,Transtorno de personalidade não especificado
F70,Deficiência intelectual leve
F71,Deficiência intelectual moderada
F72,Deficiência intelectual grave
F73,Deficiência intelectual profunda
F78,Outras deficiências intelectuais
F79,Deficiência intelectual não especificada
F80,Transtornos do desenvolvimento da fala
F81,Transtornos do desenvolvimento da aprendizagem
F82,Transtorno do desenvolvimento motor
F83,Transtorno do desenvolvimento misto
F84,Transtornos globais do desenvolvimento
F88,Outros transtornos do desenvolvimento
F89,Transtorno do desenvolvimento não especificado
F90,Transtorno de déficit de atenção
F91,Transtorno de conduta
F92,Transtorno de conduta
F93,Transtornos emocionais na infância
F94,Transtornos do funcionamento social
F95,Tiques
F98,Outros transtornos comportamentais
F99,Transtorno mental não especificado
G00,Meningite bacteriana
G01,Meningite em outras doenças
G02,Meningite
G03,Meningite não especificada
G04,Encefalite
G05,Encefalite
G06,Abcesso intracraniano
G07,Abcesso intracraniano
G08,Flebite intracraniana
G09,Sequelas de doenças inflamatórias do SNC
G10,Doença de Huntington
G11,Ataxia hereditária
G12,Atrofia muscular espinhal
G13,Atrofia sistêmica
G14,Atrofia muscular
G20,Doença de Parkinson
G21,Parkinsonismo secundário
G22,Parkinsonismo
G23,Outras doenças degenerativas dos gânglios
G24,Distonia
G25,Outros transtornos extrapiramidais
G26,Doenças extrapiramidais
G30,Doença de Alzheimer
G31,Outras doenças degenerativas do SNC
G32,Doenças degenerativas do SNC
G35,Esclerose múltipla
G36,Outras desmielinizações
G37,Outras doenças desmielinizantes
G40,Epilepsia
G41,Estado de mal epiléptico
G43,Enxaqueca
G44,Outras síndromes de cefaleia
G45,Acidente isquêmico transitório
G46,Síndromes vasculares cerebrais
G47,Distúrbios do sono
G50,Distúrbios do nervo trigêmeo
G51,Distúrbios do nervo facial
G52,Distúrbios de outros nervos cranianos
G53,Distúrbios de nervos cranianos
G54,Distúrbios de raízes nervosas
G55,Compressão de raízes nervosas
G56,Mononeuropatias dos membros superiores
G57,Mononeuropatias dos membros inferiores
G58,Outras mononeuropatias
G59,Mononeuropatia em outras doenças
G60,Neuropatia hereditária
G61,Síndrome de Guillain-Barré
G62,Outras polineuropatias
G63,Polineuropatia em outras doenças
G64,Outros transtornos do sistema nervoso
G70,Miastenia gravis
G71,Distúrbios musculares
G72,Outras miopatias
G73,Miopatia em outras doenças
G80,Paralisia cerebral
G81,Hemiplegia
G82,Paraplégia
G83,Outras síndromes paralíticas
G90,Distúrbios do sistema nervoso autônomo
G91,Hidrocefalia
G92,Encefalopatia tóxica
G93,Outros distúrbios do encéfalo
G94,Distúrbios do encéfalo
G95,Doenças da medula espinhal
G96,Outros distúrbios do SNC
G97,Distúrbios pós-procedimentos
G98,Outros distúrbios do sistema nervoso
G99,Distúrbios do sistema nervoso
H00,Hordéolo e calázio
H01,Outras inflamações da pálpebra
H02,Outros distúrbios da pálpebra
H03,Distúrbios da pálpebra
H04,Distúrbios do aparelho lacrimal
H05,Distúrbios da órbita
H06,Distúrbios da órbita
H10,Conjuntivite
H11,Outros distúrbios da conjuntiva
H13,Distúrbios da conjuntiva
H15,Distúrbios da esclera
H16,Ceratite
H17,Cicatrizes da córnea
H18,Outros distúrbios da córnea
H19,Distúrbios da córnea
H20,Iridociclite
H21,Outros distúrbios da íris
H22,Distúrbios da íris
H25,Catarata senil
H26,Outras cataratas
H27,Outros distúrbios do cristalino
H28,Distúrbios do cristalino
H30,Inflamação coriorretiniana
H31,Outros distúrbios da coroide
H32,Distúrbios da coroide
H33,Descolamento da retina
H34,Oclusões vasculares da retina
H35,Outras doenças da retina
H36,Distúrbios da retina
H40,Glaucoma
H41,Outros distúrbios do humor aquoso
H42,Glaucoma
H43,Distúrbios do vítreo
H44,Distúrbios do globo ocular
H45,Distúrbios do vítreo
H46,Neurite óptica
H47,Outros distúrbios do nervo óptico
H48,Distúrbios do nervo óptico
H49,Estrabismo paralítico
H50,Outros estrabismos
H51,Outros distúrbios do movimento ocular
H52,Distúrbios da refração
H53,Distúrbios visuais
H54,Cegueira
H55,Nistagmo
H57,Outros distúrbios do olho
H58,Distúrbios do olho
H59,Distúrbios pós-procedimentos
H60,Otite externa
H61,Outros distúrbios do ouvido externo
H62,Distúrbios do ouvido externo
H65,Otite média não supurativa
H66,Otite média supurativa
H67,Otite média
H68,Eustáquio
H69,Outros distúrbios da trompa de Eustáquio
H70,Mastoidite
H71,Colesteatoma
H72,Perfuração da membrana timpânica
H73,Outros distúrbios da membrana timpânica
H74,Outros distúrbios do ouvido médio
H75,Distúrbios do ouvido médio
H80,Otosclerose
H81,Distúrbios do labirinto
H82,Síndromes vertiginosas
H83,Outros distúrbios do ouvido interno
H90,Perda de audição
H91,Outras perdas de audição
H92,Outros distúrbios do ouvido
H93,Outros distúrbios do ouvido
H94,Distúrbios do ouvido
H95,Distúrbios pós-procedimentos
I00,Febre reumática
I01,Febre reumática
I02,Coreia reumática
I05,Doença reumática da valva mitral
I06,Doença reumática da valva aórtica
I07,Doença reumática da valva tricúspide
I08,Doença reumática de múltiplas valvas
I09,Outras doenças reumáticas do coração
I10,Hipertensão essencial
I11,Doença cardíaca hipertensiva
I12,Doença renal hipertensiva
I13,Doença cardíaca e renal hipertensiva
I15,Hipertensão secundária
I20,Angina pectoris
I21,Infarto agudo do miocárdio
I22,Infarto do miocárdio recorrente
I23,Complicações de infarto
I24,Outras doenças isquêmicas cardíacas
I25,Doença isquêmica cardíaca crônica
I26,Embolia pulmonar
I27,Outras doenças pulmonares
I28,Outras doenças vasculares pulmonares
I30,Pericardite aguda
I31,Outras doenças do pericárdio
I32,Pericardite
I33,Endocardite aguda
I34,Doença da valva mitral
I35,Doença da valva aórtica
I36,Doença da valva tricúspide
I37,Doença da valva pulmonar
I38,Endocardite
I39,Endocardite
I40,Miocardite aguda
I41,Miocardite
I42,Cardiomiopatias
I43,Cardiomiopatia
I44,Bloqueio atrioventricular
I45,Outros distúrbios de condução
I46,Parada cardíaca
I47,Arritmias
I48,Fibrilação atrial
I49,Outras arritmias
I50,Insuficiência cardíaca
I51,Complicações de cardiopatias
I52,Doenças cardíacas
I60,Hemorragia subaracnóidea
I61,Hemorragia cerebral
I62,Outras hemorragias intracranianas
I63,Infarto cerebral
I64,Acidente vascular cerebral
I65,Oclusão de artérias cerebrais
I66,Oclusão de artérias cerebrais
I67,Outras doenças cerebrovasculares
I68,Doenças cerebrovasculares
I69,Sequelas de doenças cerebrovasculares
I70,Aterosclerose
I71,Aneurisma da aorta
I72,Outros aneurismas
I73,Outras doenças vasculares periféricas
I74,Embolia e trombose arterial
I77,Outras doenças das artérias
I78,Doenças dos capilares
I79,Doenças das artérias
I80,Trombose venosa
I81,Trombose da veia porta
I82,Outras tromboses venosas
I83,Varizes
I84,Hemorroidas
I85,Varizes esofágicas
I86,Varizes de outros sítios
I87,Outros distúrbios das veias
I88,Linfadenite
I89,Outros distúrbios do sistema linfático
I95,Hipotensão
I97,Distúrbios do sistema circulatório
I98,Doenças vasculares
I99,Doenças do aparelho circulatório
J00,Rinofaringite aguda
J01,Sinusite aguda
J02,Faringite aguda
J03,Amigdalite aguda
J04,Laringite aguda
J05,Laringite e traqueíte
J06,Infecções agudas das vias respiratórias
J09,Gripe
J10,Gripe
J11,Gripe
J12,Pneumonia viral
J13,Pneumonia por Streptococcus
J14,Pneumonia por Haemophilus
J15,Pneumonia bacteriana
J16,Pneumonia por outros agentes
J17,Pneumonia em outras doenças
J18,Pneumonia não especificada
J20,Bronquite aguda
J21,Bronquiolite aguda
J22,Infecção aguda das vias respiratórias
J30,Rinite alérgica
J31,Rinite crônica
J32,Sinusite crônica
J33,Pólipo nasal
J34,Outros distúrbios do nariz
J35,Doenças crônicas das amígdalas
J36,Abcesso periamigdaliano
J37,Laringite crônica
J38,Doenças das cordas vocais
J39,Outras doenças do trato respiratório
J40,Bronquite crônica
J41,Bronquite crônica
J42,Bronquite crônica não especificada
J43,Enfisema
J44,Outras doenças pulmonares
J45,Asma
J46,Estado asmático
J47,Bronquiectasia
J60,Pneumoconiose
J61,Pneumoconiose
J62,Pneumoconiose
J63,Pneumoconiose
J64,Pneumoconiose
J65,Pneumoconiose
J66,Pneumoconiose
J68,Doenças respiratórias por agentes
J69,Pneumonia por aspiração
J70,Doenças respiratórias por outros agentes
J80,Síndrome do desconforto respiratório
J81,Edema pulmonar
J82,Eosinofilia pulmonar
J84,Outras doenças pulmonares
J85,Abcesso do pulmão
J86,Empiema
J90,Derrame pleural
J91,Derrame pleural
J92,Placa pleural
J93,Pneumotórax
J94,Outras doenças da pleura
J95,Distúrbios respiratórios pós-procedimentos
J96,Insuficiência respiratória
J98,Outros distúrbios respiratórios
J99,Distúrbios respiratórios
K00,Distúrbios do desenvolvimento dentário
K01,Dentes inclusos
K02,Cárie dentária
K03,Outras doenças dos dentes
K04,Doenças da polpa
K05,Gengivite
K06,Outros distúrbios da gengiva
K07,Anomalias dentofaciais
K08,Outros distúrbios dos dentes
K09,Cistos da boca
K10,Doenças dos maxilares
K11,Doenças das glândulas salivares
K12,Estomatite
K13,Outras doenças dos lábios
K14,Doenças da língua
K20,Esofagite
K21,Doença do refluxo gastroesofágico
K22,Outras doenças do esôfago
K23,Distúrbios do esôfago
K25,Úlcera gástrica
K26,Úlcera duodenal
K27,Úlcera péptica
K28,Úlcera gastrojejunal
K29,Gastrite
K30,Dispepsia
K31,Outras doenças do estômago
K35,Apendicite aguda
K36,Apendicite
K37,Apendicite
K38,Outras doenças do apêndice
K40,Hérnia inguinal
K41,Hérnia femoral
K42,Hérnia umbilical
K43,Hérnia ventral
K44,Hérnia diafragmática
K45,Outras hérnias
K46,Hérnia não especificada
K50,Doença de Crohn
K51,Colite ulcerativa
K52,Outras gastroenterites
K55,Doenças vasculares do intestino
K56,Íleo paralítico
K57,Doença diverticular
K58,Síndrome do intestino irritável
K59,Outros distúrbios intestinais
K60,Fissura anal
K61,Abcesso anal
K62,Outras doenças do ânus
K63,Outras doenças do intestino
K65,Peritonite
K66,Outros distúrbios do peritônio
K67,Distúrbios do peritônio
K70,Doença alcoólica do fígado
K71,Doença hepática tóxica
K72,Insuficiência hepática
K73,Hepatite crônica
K74,Fibrose hepática
K75,Outras doenças inflamatórias do fígado
K76,Outras doenças do fígado
K77,Distúrbios do fígado
K80,Colelitíase
K81,Colecistite
K82,Outras doenças da vesícula biliar
K83,Outras doenças das vias biliares
K85,Pancreatite aguda
K86,Outras doenças do pâncreas
K87,Distúrbios do pâncreas
K90,Distúrbios da absorção intestinal
K91,Distúrbios do aparelho digestivo
K92,Outras doenças do aparelho digestivo
K93,Distúrbios do aparelho digestivo
L00,Síndrome estafilocócica
L01,Impetigo
L02,Abcesso cutâneo
L03,Celulite
L04,Linfadenite aguda
L05,Cisto pilonidal
L08,Outras infecções locais
L10,Pênfigo
L11,Outras doenças bolhosas
L12,Pênfigoide
L13,Outras doenças bolhosas
L14,Doenças bolhosas
L20,Dermatite atópica
L21,Dermatite seborreica
L22,Dermatite das fraldas
L23,Dermatite alérgica
L24,Dermatite de contato
L25,Dermatite de contato
L26,Dermatite esfoliativa
L27,Dermatite por ingestão
L28,Líquen simples
L29,Prurido
L30,Outras dermatites
L40,Psoríase
L41,Parapsoríase
L42,Líquen plano
L43,Líquen plano
L44,Outras doenças papulosquamosa
L45,Doenças papulosquamosa
L50,Urticária
L51,Eritema multiforme
L52,Eritema nodoso
L53,Outras doenças eritematosas
L54,Eritema
L55,Queimadura solar
L56,Outros efeitos da radiação
L57,Alterações da pele por radiação
L58,Radiodermatite
L59,Outros efeitos da radiação
L60,Doenças das unhas
L62,Doenças das unhas
L63,Alopécia areata
L64,Alopécia androgênica
L65,Outras alopécias
L66,Cicatriz alopécica
L67,Doenças dos pelos
L68,Hipertricose
L70,Achne
L71,Rosácea
L72,Cistos cutâneos
L73,Outras doenças dos folículos
L74,Distúrbios da sudorese
L75,Distúrbios das glândulas apócrinas
L80,Vitiligo
L81,Outros distúrbios da pigmentação
L82,Dermatose seborreica
L83,Acantose nigricans
L84,Calos
L85,Outras doenças da pele
L86,Doenças da pele
L87,Doenças da pele
L88,Pioderma gangrenoso
L89,Úlcera de pressão
L90,Distúrbios atróficos da pele
L91,Distúrbios hipertróficos
L92,Distúrbios granulomatosos
L93,Lúpus eritematoso
L94,Outras doenças do tecido conjuntivo
L95,Vasculite cutânea
L97,Úlcera de membros inferiores
L98,Outras doenças da pele
L99,Doenças da pele
M00,Artrite piogênica
M01,Artrite infecciosa
M02,Artrite reativa
M03,Artrite pós-infecciosa
M05,Artrite reumatoide
M06,Outras artrites reumatoides
M07,Artrite psoriásica
M08,Artrite juvenil
M09,Artrite juvenil
M10,Gota
M11,Outras artrites por cristais
M12,Outras artrites
M13,Outras artrites
M14,Artropatias
M15,Osteoartrite generalizada
M16,Osteoartrite do quadril
M17,Osteoartrite do joelho
M18,Osteoartrite da mão
M19,Outras osteoartrites
M20,Deformidades adquiridas dos dedos
M21,Outras deformidades adquiridas
M22,Distúrbios da patela
M23,Distúrbios internos do joelho
M24,Outros distúrbios articulares
M25,Outros distúrbios articulares
M30,Panarterite nodosa
M31,Outras vasculites
M32,Lúpus eritematoso sistêmico
M33,Dermatomiosite
M34,Esclerose sistêmica
M35,Outras doenças do tecido conjuntivo
M36,Doenças do tecido conjuntivo
M40,Cifose
M41,Escoliose
M42,Osteocondrose da coluna
M43,Outras deformidades da coluna
M45,Espondilite anquilosante
M46,Outras espondilopatias
M47,Espondilose
M48,Outras espondilopatias
M49,Espondilopatias
M50,Distúrbios dos discos cervicais
M51,Distúrbios dos discos lombares
M53,Outras dorsopatias
M54,Dorsalgia
M60,Miosite
M61,Calcificação muscular
M62,Outros distúrbios musculares
M63,Distúrbios musculares
M65,Sinovite
M66,Ruptura de tendão
M67,Outros distúrbios das bainhas
M68,Distúrbios das bainhas
M70,Distúrbios dos tecidos moles
M71,Bursite
M72,Fibromatose
M73,Distúrbios dos tecidos moles
M75,Síndrome do ombro
M76,Entesopatias dos membros inferiores
M77,Outras entesopatias
M79,Outros distúrbios dos tecidos moles
M80,Osteoporose
M81,Osteoporose
M82,Osteoporose
M83,Osteomalácia
M84,Distúrbios da continuidade óssea
M85,Outros distúrbios da densidade óssea
M86,Osteomielite
M87,Osteonecrose
M88,Doença de Paget
M89,Outros distúrbios ósseos
M90,Distúrbios ósseos
M91,Osteocondrose juvenil
M92,Osteocondrose juvenil
M93,Osteocondrose
M94,Outros distúrbios das cartilagens
M95,Deformidades adquiridas do sistema musculoesquelético
M96,Distúrbios musculoesqueléticos
M97,Distúrbios musculoesqueléticos
M99,Distúrbios biomecânicos
N00,Nefrite aguda
N01,Nefrite rapidamente progressiva
N02,Nefrite hematuria
N03,Síndrome nefrótica
N04,Síndrome nefrótica
N05,Nefrite
N06,Nefrite
N07,Nefrite
N08,Distúrbios renais
N10,Nefrite túbulo-intersticial
N11,Nefrite túbulo-intersticial
N12,Nefrite túbulo-intersticial
N13,Obstrução urinária
N14,Nefropatia
N15,Outras doenças renais
N16,Distúrbios renais
N17,Insuficiência renal aguda
N18,Insuficiência renal crônica
N19,Insuficiência renal
N20,Cálculo renal
N21,Cálculo ureteral
N22,Cálculo urinário
N23,Cólica renal
N25,Distúrbios da função tubular
N26,Doença renal
N27,Doença renal
N28,Outros distúrbios do rim
N29,Distúrbios renais
N30,Cistite
N31,Distúrbios da bexiga
N32,Outros distúrbios da bexiga
N33,Distúrbios da bexiga
N34,Uretrite
N35,Estreitamento da uretra
N36,Outros distúrbios da uretra
N37,Distúrbios da uretra
N39,Outros distúrbios do trato urinário
N40,Hiperplasia da próstata
N41,Doenças inflamatórias da próstata
N42,Outras doenças da próstata
N43,Hidrocele
N44,Torção testicular
N45,Orquite
N46,Infertilidade masculina
N47,Fimose
N48,Outras doenças do pênis
N49,Doenças inflamatórias do órgão genital masculino
N50,Outras doenças do órgão genital masculino
N51,Distúrbios do órgão genital masculino
N60,Displasia benigna da mama
N61,Doenças inflamatórias da mama
N62,Hipertrofia da mama
N63,Lesão da mama
N64,Outras doenças da mama
N70,Salpingite
N71,Doença inflamatória do útero
N72,Doença inflamatória do colo do útero
N73,Outras doenças inflamatórias pélvicas
N74,Doenças inflamatórias pélvicas
N75,Doenças da glândula de Bartholin
N76,Outras doenças inflamatórias da vagina
N77,Distúrbios da vagina
N80,Endometriose
N81,Prolapso genital
N82,Fístula genital
N83,Distúrbios do ovário
N84,Pólipo do trato genital
N85,Outros distúrbios do útero
N86,Erosão do colo do útero
N87,Displasia do colo do útero
N88,Outros distúrbios do colo do útero
N89,Outros distúrbios da vagina
N90,Outros distúrbios da vulva
N91,Amenorreia
N92,Menstruação excessiva
N93,Sangramento uterino
N94,Dor pélvica
N95,Distúrbios da menopausa
N96,Aborto habitual
N97,Infertilidade feminina
N98,Complicações da fertilização
N99,Distúrbios pós-procedimentos
O00,Gravidez ectópica
O01,Mola hidatiforme
O02,Aborto espontâneo
O03,Aborto espontâneo
O04,Aborto espontâneo
O05,Aborto espontâneo
O06,Aborto espontâneo
O07,Aborto espontâneo
O08,Complicações de aborto
O09,Complicações de gravidez
O10,Hipertensão pré-existente
O11,Hipertensão com proteinúria
O12,Edema gestacional
O13,Hipertensão gestacional
O14,Pré-eclâmpsia
O15,Eclâmpsia
O16,Hipertensão materna
O20,Hemorragia precoce
O21,Vômitos excessivos
O22,Complicações venosas
O23,Infecções geniturinárias
O24,Diabetes na gravidez
O25,Desnutrição
O26,Outras complicações
O28,Achados anormais
O29,Complicações anestésicas
O30,Gestação múltipla
O31,Complicações de gestação múltipla
O32,Cuidados por apresentação anormal
O33,Cuidados por desproporção
O34,Cuidados por anomalia uterina
O35,Cuidados por anomalia fetal
O36,Cuidados por outras complicações
O40,Polihidrâmnio
O41,Outras complicações do líquido amniótico
O42,Ruptura prematura de membranas
O43,Complicações da placenta
O44,Placenta prévia
O45,Descolamento prematuro da placenta
O46,Hemorragia anteparto
O47,Trabalho de parto falso
O48,Gestação prolongada
O60,Trabalho de parto prematuro
O61,Falha no trabalho de parto
O62,Anormalidades da contração uterina
O63,Trabalho de parto prolongado
O64,Obstrução do trabalho de parto
O65,Apresentação anormal
O66,Outras obstruções
O67,Hemorragia no parto
O68,Complicações anestésicas
O69,Trabalho de parto complicado
O70,Laceração perineal
O71,Outros traumas obstétricos
O72,Hemorragia pós-parto
O73,Retenção de placenta
O74,Complicações anestésicas
O75,Outras complicações do parto
O80,Parto espontâneo
O81,Parto cesáreo
O82,Parto instrumental
O83,Parto assistido
O84,Parto múltiplo
O85,Infecção puerperal
O86,Outras infecções puerperais
O87,Complicações venosas
O88,Embolia obstétrica
O89,Complicações anestésicas
O90,Complicações puerperais
O91,Infecções da mama
O92,Outras complicações puerperais
O95,Morte obstétrica
O96,Morte obstétrica
O97,Morte obstétrica
O98,Doenças maternas
O99,Outras doenças maternas
P00,Feto afetado por condições maternas
P01,Feto afetado por complicações maternas
P02,Feto afetado por complicações placentárias
P03,Feto afetado por complicações do parto
P04,Feto afetado por substâncias
P05,Crescimento fetal retardado
P07,Distúrbios do crescimento fetal
P08,Distúrbios do crescimento fetal
P10,Lesão intracraniana ao nascimento
P11,Outras lesões ao nascimento
P12,Lesão do couro cabeludo
P13,Lesão esquelética
P14,Lesão do plexo braquial
P15,Outras lesões ao nascimento
P20,Hipóxia intrauterina
P21,Asfixia ao nascimento
P22,Dificuldade respiratória
P23,Pneumonia congênita
P24,Síndrome de aspiração
P25,Enfisema intersticial
P26,Hemorragia pulmonar
P27,Doença pulmonar crônica
P28,Outros distúrbios respiratórios
P29,Distúrbios cardiovasculares
P35,Infecções congênitas
P36,Sepse neonatal
P37,Outras infecções congênitas
P38,Onfalite
P39,Outras infecções neonatais
P50,Hemorragia fetal
P51,Hemorragia umbilical
P52,Hemorragia intracraniana
P53,Doença hemorrágica
P54,Outras hemorragias neonatais
P55,Doença hemolítica
P56,Hidropsia fetal
P57,Icterícia neonatal
P58,Icterícia neonatal
P59,Icterícia neonatal
P60,Coagulação intravascular
P61,Outros distúrbios hematológicos
P70,Distúrbios do metabolismo de carboidratos
P71,Distúrbios do metabolismo de cálcio
P72,Outros distúrbios endócrinos
P74,Distúrbios do equilíbrio eletrolítico
P75,Distúrbios metabólicos
P76,Outros distúrbios intestinais
P77,Enterocolite necrosante
P78,Outros distúrbios digestivos
P80,Hipotermia neonatal
P81,Distúrbios da temperatura
P83,Outras condições da pele
P84,Outras condições neonatais
P90,Convulsões neonatais
P91,Outros distúrbios cerebrais
P92,Problemas de alimentação
P93,Reações a drogas
P94,Distúrbios do tônus
P95,Morte fetal
P96,Outras condições neonatais
Q00,Anencefalia
Q01,Encefalocele
Q02,Microcefalia
Q03,Hidrocefalia
Q04,Outras malformações do cérebro
Q05,Espinha bífida
Q06,Outras malformações da medula
Q07,Outras malformações do sistema nervoso
Q10,Malformações da pálpebra
Q11,Malformações do olho
Q12,Malformações do cristalino
Q13,Malformações da córnea
Q14,Malformações da retina
Q15,Outras malformações do olho
Q16,Malformações do ouvido
Q17,Malformações da orelha
Q18,Outras malformações da face
Q20,Malformações do coração
Q21,Malformações do septo cardíaco
Q22,Malformações das valvas
Q23,Malformações da aorta
Q24,Outras malformações do coração
Q25,Malformações das artérias
Q26,Malformações das veias
Q27,Outras malformações vasculares
Q28,Malformações vasculares
Q30,Malformações do nariz
Q31,Malformações da laringe
Q32,Malformações da traqueia
Q33,Malformações do pulmão
Q34,Outras malformações do aparelho respiratório
Q35,Fenda palatina
Q36,Fenda labial
Q37,Fenda labial e palatina
Q38,Malformações da boca
Q39,Malformações do esôfago
Q40,Malformações do estômago
Q41,Malformações do intestino delgado
Q42,Malformações do intestino grosso
Q43,Malformações do intestino
Q44,Malformações da vesícula
Q45,Malformações do pâncreas
Q50,Malformações do ovário
Q51,Malformações do útero
Q52,Malformações do colo do útero
Q53,Malformações do testículo
Q54,Hipospádia
Q55,Malformações do pênis
Q56,Malformações do órgão genital
Q60,Agenesia renal
Q61,Malformações do rim
Q62,Malformações do ureter
Q63,Malformações do rim
Q64,Malformações da bexiga
Q65,Malformações do quadril
Q66,Malformações do pé
Q67,Malformações do membro
Q68,Malformações do membro
Q69,Polidactilia
Q70,Sindactilia
Q71,Redução de membro superior
Q72,Redução de membro inferior
Q73,Redução de membro
Q74,Outras malformações do membro
Q75,Malformações do crânio
Q76,Malformações da coluna
Q77,Osteocondrodistrofia
Q78,Outras displasias ósseas
Q79,Malformações do sistema musculoesquelético
Q80,Ictiose
Q81,Epidermólise bolhosa
Q82,Outras malformações da pele
Q83,Malformações da pele
Q84,Malformações da pele
Q85,Facomatoses
Q86,Síndromes de malformação
Q87,Síndromes de malformação
Q89,Outras malformações
Q90,Síndrome de Down
Q91,Síndrome de Edwards
Q92,Outras trissomias
Q93,Deleções
Q95,Translocações
Q96,Síndrome de Turner
Q97,Outras anomalias cromossômicas
Q98,Outras anomalias cromossômicas
Q99,Outras anomalias cromossômicas
R00,Anormalidades do ritmo cardíaco
R01,Sopros cardíacos
R02,Gangrena
R03,Pressão arterial anormal
R04,Hemorragia respiratória
R05,Tosse
R06,Anormalidades da respiração
R07,Dor de garganta e peito
R10,Dor abdominal
R11,Náusea e vômito
R12,Pirose
R13,Disfagia
R14,Flatulência
R15,Incontinência fecal
R16,Hepatomegalia
R17,Icterícia
R18,Ascite
R19,Outros sintomas abdominais
R20,Distúrbios da sensibilidade
R21,Erupção cutânea
R22,Edema localizado
R23,Outros sintomas da pele
R25,Movimentos anormais
R26,Anormalidades da marcha
R27,Outros sintomas motores
R29,Outros sintomas neurológicos
R30,Dor ao urinar
R31,Hematuria
R32,Incontinência urinária
R33,Retenção urinária
R34,Anúria
R35,Poliúria
R36,Secreção uretral
R39,Outros sintomas urinários
R40,Sonolência
R41,Outros sintomas cognitivos
R42,Tontura
R43,Distúrbios do olfato
R44,Alucinações
R45,Sintomas emocionais
R46,Sintomas de personalidade
R47,Distúrbios da fala
R48,Distúrbios da leitura
R49,Distúrbios da voz
R50,Febre
R51,Febre
R52,Dor
R53,Fadiga
R54,Envelhecimento
R55,Síncope
R56,Convulsões
R57,Choque
R58,Hemorragia
R59,Linfadenopatia
R60,Edema
R61,Hiperidrose
R62,Retardo do desenvolvimento
R63,Sintomas de alimentação
R64,Caquexia
R68,Outros sintomas gerais
R69,Sintomas inespecíficos
R70,Velocidade de hemossedimentação
R71,Anemia
R72,Leucocitose
R73,Hiperglicemia
R74,Enzimas séricas
R75,Testes para HIV
R76,Outras alterações imunes
R77,Proteínas plasmáticas
R78,Drogas no sangue
R79,Outras alterações sanguíneas
R80,Proteinúria
R81,Glicosúria
R82,Outras alterações urinárias
R83,Líquido cefalorraquidiano
R84,Secreções respiratórias
R85,Secreções digestivas
R86,Secreções genitais
R87,Secreções ginecológicas
R88,Líquido sinovial
R89,Outras secreções
R90,Encéfalo
R91,Pulmão
R92,Mama
R93,Outros órgãos
R94,Função de órgãos
R95,Morte súbita infantil
R96,Outras mortes súbitas
R98,Morte não natural
R99,Outras causas mal definidas
S00,Traumatismo superficial da cabeça
S01,Ferida da cabeça
S02,Fratura do crânio
S03,Luxação da cabeça
S04,Lesão do nervo craniano
S05,Lesão do olho
S06,Traumatismo intracraniano
S07,Lesão da cabeça
S08,Amputação da cabeça
S09,Outras lesões da cabeça
S10,Traumatismo superficial do pescoço
S11,Ferida do pescoço
S12,Fratura do pescoço
S13,Luxação do pescoço
S14,Lesão da medula cervical
S15,Lesão vascular do pescoço
S16,Lesão muscular do pescoço
S17,Lesão do pescoço
S19,Outras lesões do pescoço
S20,Traumatismo superficial do tórax
S21,Ferida do tórax
S22,Fratura do tórax
S23,Luxação do tórax
S24,Lesão da medula torácica
S25,Lesão vascular do tórax
S26,Lesão cardíaca
S27,Lesão pulmonar
S28,Lesão do tórax
S29,Outras lesões do tórax
S30,Traumatismo superficial do abdome
S31,Ferida do abdome
S32,Fratura da pelve
S33,Luxação da pelve
S34,Lesão da medula lombar
S35,Lesão vascular do abdome
S36,Lesão do baço
S37,Lesão do rim
S38,Lesão do abdome
S39,Outras lesões do abdome
S40,Traumatismo superficial do ombro
S41,Ferida do ombro
S42,Fratura do ombro
S43,Luxação do ombro
S44,Lesão do nervo do ombro
S45,Lesão vascular do ombro
S46,Lesão muscular do ombro
S47,Lesão do ombro
S49,Outras lesões do ombro
S50,Traumatismo superficial do braço
S51,Ferida do braço
S52,Fratura do braço
S53,Luxação do braço
S54,Lesão do nervo do braço
S55,Lesão vascular do braço
S56,Lesão muscular do braço
S57,Lesão do braço
S58,Amputação do braço
S59,Outras lesões do braço
S60,Traumatismo superficial da mão
S61,Ferida da mão
S62,Fratura da mão
S63,Luxação da mão
S64,Lesão do nervo da mão
S65,Lesão vascular da mão
S66,Lesão muscular da mão
S67,Lesão da mão
S68,Amputação da mão
S69,Outras lesões da mão
S70,Traumatismo superficial do quadril
S71,Ferida do quadril
S72,Fratura do quadril
S73,Luxação do quadril
S74,Lesão do nervo do quadril
S75,Lesão vascular do quadril
S76,Lesão muscular do quadril
S77,Lesão do quadril
S78,Amputação do quadril
S79,Outras lesões do quadril
S80,Traumatismo superficial da perna
S81,Ferida da perna
S82,Fratura da perna
S83,Luxação do joelho
S84,Lesão do nervo da perna
S85,Lesão vascular da perna
S86,Lesão muscular da perna
S87,Lesão da perna
S88,Amputação da perna
S89,Outras lesões da perna
S90,Traumatismo superficial do tornozelo
S91,Ferida do tornozelo
S92,Fratura do tornozelo
S93,Luxação do tornozelo
S94,Lesão do nervo do tornozelo
S95,Lesão vascular do tornozelo
S96,Lesão muscular do tornozelo
S97,Lesão do tornozelo
S98,Amputação do tornozelo
S99,Outras lesões do tornozelo
T00,Traumatismo superficial de múltiplos sítios
T01,Feridas de múltiplos sítios
T02,Fraturas de múltiplos sítios
T03,Luxações de múltiplos sítios
T04,Lesões de múltiplos sítios
T05,Amputações de múltiplos sítios
T06,Outras lesões de múltiplos sítios
T07,Lesões múltiplas
T08,Fratura da coluna
T09,Lesão da coluna
T10,Fratura do membro superior
T11,Lesão do membro superior
T12,Fratura do membro inferior
T13,Lesão do membro inferior
T14,Lesão de região não especificada
T15,Corpo estranho no olho
T16,Corpo estranho no ouvido
T17,Corpo estranho no trato respiratório
T18,Corpo estranho no trato digestivo
T19,Corpo estranho no trato geniturinário
T20,Queimadura da cabeça
T21,Queimadura do tronco
T22,Queimadura do ombro
T23,Queimadura da mão
T24,Queimadura do quadril
T25,Queimadura do tornozelo
T26,Queimadura do olho
T27,Queimadura do trato respiratório
T28,Queimadura de outros órgãos
T29,Queimaduras de múltiplos sítios
T30,Queimadura de sítio não especificado
T31,Queimaduras
T32,Queimaduras
T33,Geladura superficial
T34,Geladura profunda
T35,Geladura de múltiplos sítios
T36,Intoxicação por antibióticos
T37,Intoxicação por antiparasitários
T38,Intoxicação por hormônios
T39,Intoxicação por analgésicos
T40,Intoxicação por narcóticos
T41,Intoxicação por anestésicos
T42,Intoxicação por anticonvulsivantes
T43,Intoxicação por psicotrópicos
T44,Intoxicação por drogas autonômicas
T45,Intoxicação por vitaminas
T46,Intoxicação por agentes cardíacos
T47,Intoxicação por agentes digestivos
T48,Intoxicação por agentes respiratórios
T49,Intoxicação por agentes dermatológicos
T50,Intoxicação por diuréticos
T51,Efeitos tóxicos do álcool
T52,Efeitos tóxicos de solventes
T53,Efeitos tóxicos de halogênios
T54,Efeitos tóxicos de ácidos
T55,Efeitos tóxicos de detergentes
T56,Efeitos tóxicos de metais
T57,Efeitos tóxicos de substâncias
T58,Efeitos tóxicos do monóxido de carbono
T59,Efeitos tóxicos de gases
T60,Efeitos tóxicos de pesticidas
T61,Efeitos tóxicos de substâncias
T62,Efeitos tóxicos de outras substâncias
T63,Efeitos tóxicos de venenos
T64,Efeitos tóxicos de toxinas
T65,Efeitos tóxicos de outras substâncias
T66,Radiação
T67,Efeitos do calor
T68,Hipotermia
T69,Outros efeitos da temperatura
T70,Efeitos da pressão
T71,Asfixia
T73,Efeitos da privação
T74,Abuso
T75,Efeitos de causas externas
T76,Causas externas
T78,Reações alérgicas
T79,Complicações traumáticas
T80,Complicações de infusão
T81,Complicações de procedimentos
T82,Complicações de próteses
T83,Complicações de dispositivos
T84,Complicações de implantes
T85,Complicações de outros dispositivos
T86,Falha de transplante
T87,Complicações de amputação
T88,Outras complicações
T90,Sequelas de lesões da cabeça
T91,Sequelas de lesões do pescoço
T92,Sequelas de lesões do membro superior
T93,Sequelas de lesões do membro inferior
T94,Sequelas de lesões de múltiplos sítios
T95,Sequelas de queimaduras
T96,Sequelas de intoxicação
T97,Sequelas de efeitos tóxicos
T98,Sequelas de outras causas
U04,Síndrome respiratória aguda grave
U07,COVID-19
U09,COVID-19 pós-infecciosa
U10,Síndrome pós-COVID
U11,Histórico de COVID-19
U12,COVID-19 não especificado
U80,Resistência a antibióticos
U81,Resistência a antivirais
U82,Resistência a quimioterápicos
U83,Resistência a outros agentes
U84,Resistência a agentes
U85,Resistência
V01,Acidente de transporte
V02,Acidente de transporte
V03,Acidente de transporte
V04,Acidente de transporte
V05,Acidente de transporte
V06,Acidente de transporte
V09,Acidente de transporte
V10,Acidente de bicicleta
V11,Acidente de bicicleta
V12,Acidente de bicicleta
V13,Acidente de bicicleta
V14,Acidente de bicicleta
V15,Acidente de bicicleta
V16,Acidente de bicicleta
V17,Acidente de bicicleta
V18,Acidente de bicicleta
V19,Acidente de bicicleta
V20,Acidente de motocicleta
V21,Acidente de motocicleta
V22,Acidente de motocicleta
V23,Acidente de motocicleta
V24,Acidente de motocicleta
V25,Acidente de motocicleta
V26,Acidente de motocicleta
V27,Acidente de motocicleta
V28,Acidente de motocicleta
V29,Acidente de motocicleta
V30,Acidente de triciclo
V31,Acidente de triciclo
V32,Acidente de triciclo
V33,Acidente de triciclo
V34,Acidente de triciclo
V35,Acidente de triciclo
V36,Acidente de triciclo
V37,Acidente de triciclo
V38,Acidente de triciclo
V39,Acidente de triciclo
V40,Acidente de automóvel
V41,Acidente de automóvel
V42,Acidente de automóvel
V43,Acidente de automóvel
V44,Acidente de automóvel
V45,Acidente de automóvel
V46,Acidente de automóvel
V47,Acidente de automóvel
V48,Acidente de automóvel
V49,Acidente de automóvel
V50,Acidente de caminhão
V51,Acidente de caminhão
V52,Acidente de caminhão
V53,Acidente de caminhão
V54,Acidente de caminhão
V55,Acidente de caminhão
V56,Acidente de caminhão
V57,Acidente de caminhão
V58,Acidente de caminhão
V59,Acidente de caminhão
V60,Acidente de ônibus
V61,Acidente de ônibus
V62,Acidente de ônibus
V63,Acidente de ônibus
V64,Acidente de ônibus
V65,Acidente de ônibus
V66,Acidente de ônibus
V67,Acidente de ônibus
V68,Acidente de ônibus
V69,Acidente de ônibus
V70,Acidente de trem
V71,Acidente de trem
V72,Acidente de trem
V73,Acidente de trem
V74,Acidente de trem
V75,Acidente de trem
V76,Acidente de trem
V77,Acidente de trem
V78,Acidente de trem
V79,Acidente de trem
V80,Acidente de veículo
V81,Acidente de veículo
V82,Acidente de veículo
V83,Acidente de veículo
V84,Acidente de veículo
V85,Acidente de veículo
V86,Acidente de veículo
V87,Acidente de veículo
V88,Acidente de veículo
V89,Acidente de veículo
V90,Acidente de embarcação
V91,Acidente de embarcação
V92,Acidente de embarcação
V93,Acidente de embarcação
V94,Acidente de embarcação
V95,Acidente de aeronave
V96,Acidente de aeronave
V97,Acidente de aeronave
V98,Acidente de aeronave
V99,Acidente de aeronave
W00,Queda no mesmo nível
W01,Queda no mesmo nível
W02,Queda em patins
W03,Queda
W04,Queda
W05,Queda
W06,Queda
W07,Queda
W08,Queda
W09,Queda
W10,Queda de escada
W11,Queda de escada
W12,Queda de escada
W13,Queda de construção
W14,Queda de árvore
W15,Queda de penhasco
W16,Afogamento
W17,Queda
W18,Queda
W19,Queda
W20,Impacto
W21,Impacto
W22,Impacto
W23,Impacto
W24,Impacto
W25,Impacto
W26,Impacto
W27,Impacto
W28,Impacto
W29,Impacto
W30,Impacto
W31,Impacto
W32,Disparo de arma de fogo
W33,Disparo de arma de fogo
W34,Disparo de arma de fogo
W35,Explosão
W36,Explosão
W37,Explosão
W38,Explosão
W39,Explosão
W40,Explosão
W41,Explosão
W42,Explosão
W43,Explosão
W44,Corpo estranho
W45,Corpo estranho
W46,Corpo estranho
W47,Corpo estranho
W48,Corpo estranho
W49,Corpo estranho
W50,Golpe
W51,Golpe
W52,Golpe
W53,Golpe
W54,Golpe
W55,Golpe
W56,Golpe
W57,Golpe
W58,Golpe
W59,Golpe
W60,Arranhão
W64,Outros traumas
W65,Afogamento
W66,Afogamento
W67,Afogamento
W68,Afogamento
W69,Afogamento
W70,Afogamento
W73,Outros afogamentos
W74,Afogamento
W75,Sufocação
W76,Sufocação
W77,Sufocação
W78,Sufocação
W79,Sufocação
W80,Sufocação
W81,Sufocação
W83,Outras sufocações
W84,Sufocação
W85,Eletrocução
W86,Eletrocução
W87,Eletrocução
W88,Radiação
W89,Radiação
W90,Radiação
W91,Radiação
W92,Calor
W93,Calor
W94,Calor
W99,Outras causas
X00,Fogo
X01,Fogo
X02,Fogo
X03,Fogo
X04,Fogo
X05,Fogo
X06,Fogo
X08,Fogo
X09,Fogo
X10,Contato com líquidos quentes
X11,Contato com líquidos quentes
X12,Contato com líquidos quentes
X13,Contato com líquidos quentes
X14,Contato com líquidos quentes
X15,Contato com objetos quentes
X16,Contato com objetos quentes
X17,Contato com objetos quentes
X18,Contato com objetos quentes
X19,Contato com objetos quentes
X20,Veneno de serpente
X21,Veneno de aranha
X22,Veneno de escorpião
X23,Veneno de abelha
X24,Veneno de outros animais
X25,Veneno de plantas
X26,Veneno de plantas
X27,Veneno de plantas
X28,Veneno de plantas
X29,Veneno
X30,Exposição ao calor
X31,Exposição ao calor
X32,Exposião ao sol
X33,Exposição ao frio
X34,Exposição ao frio
X35,Exposição ao frio
X36,Exposição ao frio
X37,Exposição ao frio
X38,Exposição ao frio
X39,Exposição ao frio
X40,Envenenamento por drogas
X41,Envenenamento por drogas
X42,Envenenamento por drogas
X43,Envenenamento por drogas
X44,Envenenamento por drogas
X45,Envenenamento por álcool
X46,Envenenamento por drogas
X47,Envenenamento por drogas
X48,Envenenamento por drogas
X49,Envenenamento
X50,Excesso de exercício
X51,Vômito
X52,Fome
X53,Excesso de comida
X54,Excesso de bebida
X57,Privação
X58,Exposição
X59,Exposição
X60,Lesão autoprovocada
X61,Lesão autoprovocada
X62,Lesão autoprovocada
X63,Lesão autoprovocada
X64,Lesão autoprovocada
X65,Lesão autoprovocada
X66,Lesão autoprovocada
X67,Lesão autoprovocada
X68,Lesão autoprovocada
X69,Lesão autoprovocada
X70,Lesão autoprovocada
X71,Lesão autoprovocada
X72,Lesão autoprovocada
X73,Lesão autoprovocada
X74,Lesão autoprovocada
X75,Lesão autoprovocada
X76,Lesão autoprovocada
X77,Lesão autoprovocada
X78,Lesão autoprovocada
X79,Lesão autoprovocada
X80,Lesão autoprovocada
X81,Lesão autoprovocada
X82,Lesão autoprovocada
X83,Lesão autoprovocada
X84,Lesão autoprovocada
X85,Agressão
X86,Agressão
X87,Agressão
X88,Agressão
X89,Agressão
X90,Agressão
X91,Agressão
X92,Agressão
X93,Agressão
X94,Agressão
X95,Agressão
X96,Agressão
X97,Agressão
X98,Agressão
X99,Agressão
Y00,Agressão
Y01,Agressão
Y02,Agressão
Y03,Agressão
Y04,Agressão
Y05,Agressão
Y06,Agressão
Y07,Agressão
Y08,Agressão
Y09,Agressão
Y10,Envenenamento
Y11,Envenenamento
Y12,Envenenamento
Y13,Envenenamento
Y14,Envenenamento
Y15,Envenenamento
Y16,Envenenamento
Y17,Envenenamento
Y18,Envenenamento
Y19,Envenenamento
Y20,Envenenamento
Y21,Envenenamento
Y22,Envenenamento
Y23,Envenenamento
Y24,Envenenamento
Y25,Envenenamento
Y26,Envenenamento
Y27,Envenenamento
Y28,Envenenamento
Y29,Envenenamento
Y30,Envenenamento
Y31,Envenenamento
Y32,Envenenamento
Y33,Envenenamento
Y34,Envenenamento
Y35,Intervenção legal
Y36,Operação de guerra
Y40,Efeitos adversos de antibióticos
Y41,Efeitos adversos de antiparasitários
Y42,Efeitos adversos de hormônios
Y43,Efeitos adversos de analgésicos
Y44,Efeitos adversos de narcóticos
Y45,Efeitos adversos de anestésicos
Y46,Efeitos adversos de anticonvulsivantes
Y47,Efeitos adversos de psicotrópicos
Y48,Efeitos adversos de drogas autonômicas
Y49,Efeitos adversos de vitaminas
Y50,Efeitos adversos de agentes cardíacos
Y51,Efeitos adversos de agentes digestivos
Y52,Efeitos adversos de agentes respiratórios
Y53,Efeitos adversos de agentes dermatológicos
Y54,Efeitos adversos de diuréticos
Y55,Efeitos adversos de agentes do sistema nervoso
Y56,Efeitos adversos de agentes do sistema
Y57,Efeitos adversos de agentes
Y58,Efeitos adversos de vacinas
Y59,Efeitos adversos de outras substâncias
Y60,Infecção durante procedimento
Y61,Infecção durante procedimento
Y62,Infecção durante procedimento
Y63,Infecção durante procedimento
Y64,Infecção durante procedimento
Y65,Infecção durante procedimento
Y66,Infecção durante procedimento
Y67,Infecção durante procedimento
Y68,Infecção durante procedimento
Y69,Infecção durante procedimento
Y70,Dispositivo médico
Y71,Dispositivo médico
Y72,Dispositivo médico
Y73,Dispositivo médico
Y74,Dispositivo médico
Y75,Dispositivo médico
Y76,Dispositivo médico
Y77,Dispositivo médico
Y78,Dispositivo médico
Y79,Dispositivo médico
Y80,Dispositivo médico
Y81,Dispositivo médico
Y82,Dispositivo médico
Y83,Procedimento cirúrgico
Y84,Procedimento médico
Y85,Sequelas de causas externas
Y86,Sequelas de causas externas
Y87,Sequelas de causas externas
Y88,Sequelas de causas externas
Y89,Sequelas de causas externas
Y90,Álcool no sangue
Y91,Álcool no sangue
Y95,Doença nosocomial
Y96,Condições relacionadas ao trabalho
Y97,Condições relacionadas à poluição
Y98,Condições relacionadas ao estilo de vida
Z00,Exame médico geral
Z01,Exame médico
Z02,Exame para fins administrativos
Z03,Observação médica
Z04,Exame para fins legais
Z05,Exame para fins de pesquisa
Z06,Exame para fins de pesquisa
Z08,Exame de seguimento
Z09,Exame de seguimento
Z10,Exame de rotina
Z11,Exame para doenças infecciosas
Z12,Exame para neoplasias
Z13,Exame para outras doenças
Z20,Contato com doenças infecciosas
Z21,Infecção assintomática por HIV
Z22,Portador de doença infecciosa
Z23,Imunização
Z24,Imunização
Z25,Imunização
Z26,Imunização
Z27,Imunização
Z28,Imunização não realizada
Z29,Profilaxia
Z30,Contracepção
Z31,Procedimentos de fertilidade
Z32,Gravidez
Z33,Gravidez acidental
Z34,Supervisão de gravidez
Z35,Supervisão de gravidez de risco
Z36,Rastreamento pré-natal
Z37,Resultado de parto
Z38,Recém-nascido
Z39,Cuidados pós-parto
Z40,Cirurgia profilática
Z41,Procedimentos para outros fins
Z42,Procedimentos de seguimento
Z43,Cuidados com ostomia
Z44,Cuidados com prótese
Z45,Cuidados com dispositivo
Z46,Cuidados com outros dispositivos
Z47,Cuidados ortopédicos
Z48,Procedimentos cirúrgicos
Z49,Cuidados com diálise
Z50,Reabilitação
Z51,Outros cuidados médicos
Z52,Doadores de órgãos
Z53,Procedimentos não realizados
Z54,Convalescença
Z55,Problemas educacionais
Z56,Problemas relacionados ao trabalho
Z57,Exposição ocupacional
Z58,Problemas ambientais
Z59,Problemas de habitação
Z60,Problemas sociais
Z61,Problemas na infância
Z62,Problemas na educação
Z63,Problemas familiares
Z64,Problemas psicossociais
Z65,Problemas legais
Z70,Orientação sexual
Z71,Pessoas em contato com serviços de saúde
Z72,Problemas de estilo de vida
Z73,Problemas de gerenciamento
Z74,Problemas de dependência
Z75,Problemas de serviços de saúde
Z76,Pessoas em contato com serviços de saúde
Z80,Histórico familiar de neoplasias
Z81,Histórico familiar de doenças mentais
Z82,Histórico familiar de doenças
Z83,Histórico familiar de doenças
Z84,Histórico familiar de outras doenças
Z85,Histórico pessoal de neoplasias
Z86,Histórico pessoal de outras doenças
Z87,Histórico pessoal de outras doenças
Z88,Alergia a drogas
Z89,Histórico de amputação
Z90,Histórico de remoção de órgão
Z91,Histórico de fatores de risco
Z92,Histórico de tratamento
Z93,Histórico de dispositivo
Z94,Histórico de transplante
Z95,Histórico de dispositivo cardíaco
Z96,Histórico de dispositivo
Z97,Histórico de dispositivo
Z98,Histórico de procedimento cirúrgico
Z99,Dependência de dispositivos